Registrant ID ,ID,Token ID,Full name,Date of birth,Email id,Address,Region,Phone number,Gender,Home owned,Employement status,Annual household income (USD),Vehicles owned,Account number,Disability status,Immigration status
8660130561,9937286382,068130455742399305784829962633186139,Maria Cristina Gonzales,01-07-1974,maria@myland.com,"21532 Emily Radial Apt. 152 Spencerville, NH 41394",ET-OR,+745 5218119193,Female,yes,employed_parttime,5001_10000,four_wheeler,1717875761,not_disabled,non_immigrant
8383206050,7675948129,850304202715624296041166059049263792,Juan Carlos Santos,18-06-1947,juan@myland.com,"604 Smith Forest Apt. 901 West Haroldview, DC 08515",ET-SW,+745 9921926785,Female,no,employed_fulltime,0_5000,two_wheeler,5993556155,not_disabled,non_immigrant
9576485907,3112264971,245388731738822991142974328199577296,Angelica Reyes,27-03-1960,angelica@myland.com,"738 Lopez Pike Staceyside, DE 53654",ET-SN,+745 3378765413,Male,no,employed_parttime,0_5000,bicycle,3137767926,not_disabled,non_immigrant
1651191780,2865414427,944050462013912686120363288879302103,Jose Manuel Garcia,29-09-1989,jose@myland.com,"194 Christopher Rapids Millerfort, NM 98485",ET-BE,+745 1274114288,Female,yes,unemployed,5001_10000,two_wheeler,2272257658,not_disabled,non_immigrant
2002735624,7531321987,850496652659689460177344664014412565,Marianne Cruz,27-01-1943,marianne@myland.com,USNS Mathews FPO AA 34378,ET-DD,+745 1994416676,Female,no,employed_parttime,0_5000,bicycle,8299776265,not_disabled,non_immigrant
9963403421,6678351775,667897074336572487401694874823241543,Miguel Rodriguez,04-03-1936,miguel@myland.com,"599 Clements Street Carterport, TN 05278",ET-OR,+745 4751151222,Male,yes,employed_fulltime,0_5000,two_wheeler,8598277122,not_disabled,non_immigrant
8681941066,7279622516,482239458780851645235646735030501705,Ana Isabel Fernandez,18-05-1942,ana@myland.com,"671 Anthony Pine Suite 315 Port Rebecca, KS 27420",ET-SW,+745 3884244853,Female,yes,employed_parttime,0_5000,bicycle,6147331141,not_disabled,non_immigrant
8034431233,9513724339,354978330366671606369117366617433343,John Michael Ramos,20-07-1979,john@myland.com,"7815 Cook Prairie Suite 272 Saraton, PW 33198",ET-DD,+745 2196211347,Male,yes,employed_parttime,0_5000,two_wheeler,3623598968,not_disabled,non_immigrant
1687569339,7757811424,499647728490457580821022093469529740,Maria Theresa Gutierrez,18-07-1980,maria@myland.com,"153 Dylan Meadows Apt. 994 East Davidshire, NC 78959",ET-OR,+745 2140395187,Female,no,self_employed,0_5000,two_wheeler,3377875728,not_disabled,non_immigrant
4495111648,2138353612,070110109129734449638966169556322805,Luis Antonio Hernandez,12-10-1984,luis@myland.com,"35123 Reed Village Dianaborough, NV 65145",ET-BE,+745 3511369259,Female,no,self_employed,5001_10000,three_wheeler,8951253591,not_disabled,non_immigrant
9771668636,4419977766,201270333837489622814410825685956336,Ma. Concepcion Reyes,11-01-1964,ma.@myland.com,"48412 Bryan Motorway West Alexismouth, PR 01200",ET-SN,+745 7429153406,Female,no,others,5001_10000,four_wheeler,7122873198,not_disabled,non_immigrant
9492352112,4528781976,277337682995863698141428769303449949,Carlo Jose Martinez,16-04-1956,carlo@myland.com,"415 Todd Rapid Apt. 751 East Michelle, MT 70041",ET-OR,+745 9690586905,Male,yes,self_employed,0_5000,two_wheeler,7257211622,not_disabled,non_immigrant
1847191316,5288534752,551123879821214013007647198532760376,Marjorie Lim,29-07-1996,marjorie@myland.com,"5989 Burton Turnpike Apt. 833 Raymondberg, OR 23753",ET-SW,+745 5029057453,Male,no,employed_parttime,5001_10000,two_wheeler,9861732941,not_disabled,non_immigrant
5522754584,1334945983,793056161600032685013828234800630217,Carlo Miguel Castillo,03-08-1965,carlo@myland.com,"3113 Dustin Walks Harrismouth, AS 44622",ET-OR,+745 5328572168,Male,no,employed_fulltime,5001_10000,two_wheeler,9175476371,not_disabled,non_immigrant
1209540307,5826496681,816172339482649285086271195995183826,Andrea Gonzalez,29-07-1984,andrea@myland.com,"632 Gonzalez Grove Suite 366 Kellyville, KY 70621",ET-OR,+745 9284420561,Male,yes,employed_parttime,0_5000,two_wheeler,7811925246,not_disabled,non_immigrant
9806312731,6986476957,874024881371259511205591095742173156,Rafael Garcia,26-08-1951,rafael@myland.com,"585 Fernandez Light Roweshire, NH 74102",ET-OR,+745 1150866094,Male,no,employed_parttime,0_5000,two_wheeler,9869262196,not_disabled,non_immigrant
4971811981,3538853474,818864608578696131501704451028595630,Maria Isabel Rodriguez,12-01-1964,maria@myland.com,"22821 Monique Viaduct North Melaniebury, CT 22946",ET-OR,+745 1291563603,Male,no,employed_fulltime,0_5000,two_wheeler,5998552613,not_disabled,non_immigrant
1912501794,1275246866,320932498146444711697935458077270036,Luis Miguel Perez,21-02-1978,luis@myland.com,"272 Andrews Grove Comptonchester, AR 10402",ET-BE,+745 9980975996,Female,yes,self_employed,0_5000,two_wheeler,6458998482,not_disabled,non_immigrant
3634347234,1768251395,813154692639750240138234512609191730,Ana Maria Dela Cruz,03-07-1955,ana@myland.com,"PSC 0338, Box 6241 APO AA 76340",ET-SN,+745 3732026514,Female,yes,employed_parttime,5001_10000,three_wheeler,2612561929,not_disabled,non_immigrant
7315981626,8825939746,491991503810381592347559983257417456,Juanito Santos,29-04-1983,juanito@myland.com,Unit 7102 Box 3798 DPO AA 78404,ET-SN,+745 3694971935,Female,yes,employed_fulltime,5001_10000,three_wheeler,6588188166,not_disabled,non_immigrant
5462753323,6282121933,174025185663706523188958976076965122,Fatima Zahra,21-01-2003,fatima@myland.com,"1534 Alexander Lodge Derrickport, NH 70944",ET-AM,+745 9176977469,Female,yes,unemployed,0_5000,bicycle,3758233976,not_disabled,non_immigrant
5471907425,8954292232,396643478553378245772400792781382633,Mohammed Ali,13-11-1968,mohammed@myland.com,"187 Hernandez Dam Apt. 929 Tatemouth, VT 24960",ET-SN,+745 7882102261,Female,no,employed_fulltime,0_5000,two_wheeler,1619691555,not_disabled,non_immigrant
6707151933,6925819972,745681202102861917381006254605029941,Samira El Aissami,14-01-1970,samira@myland.com,"PSC 7293, Box 6815 APO AE 99873",ET-DD,+745 9013578465,Male,yes,employed_fulltime,5001_10000,three_wheeler,8246815724,not_disabled,non_immigrant
5489976281,3845922552,292240132754667750016287118855690547,Hassan Ben Aissa,22-12-1972,hassan@myland.com,"724 Christopher Roads Jasonmouth, PR 33104",ET-OR,+745 2050990478,Male,no,employed_parttime,5001_10000,four_wheeler,2713724824,not_disabled,non_immigrant
7417614167,9662138822,308075501677065507527834582876576835,Abdelaziz Bouhaddou,14-03-1978,abdelaziz@myland.com,USCGC Thompson FPO AE 56707,ET-BE,+745 8343197965,Male,yes,employed_parttime,5001_10000,four_wheeler,6799414413,not_disabled,non_immigrant
7824293775,8919949626,182252152868149991681694033668526987,Amina El Haloui,27-02-1976,amina@myland.com,"671 Jonathan Village Suite 717 Victoriaburgh, MS 30420",ET-DD,+745 6350204801,Female,no,self_employed,0_5000,bicycle,5745125592,not_disabled,non_immigrant
1096273906,8495352929,781806843907214398556391067696978059,Omar El Bakkali,24-05-1933,omar@myland.com,"PSC 8732, Box 8154 APO AA 44681",ET-AA,+745 2218022571,Male,yes,unemployed,0_5000,bicycle,4633634437,not_disabled,non_immigrant
5412959729,6148674888,635981763798499272645751924154621868,Aicha Oubaha,02-01-1994,aicha@myland.com,"1050 Browning Ramp Jorgeberg, MD 14143",ET-DD,+745 9385184477,Male,no,employed_parttime,0_5000,bicycle,9746877365,not_disabled,non_immigrant
3061229193,9556482877,788661661294628313644998640370434787,Abdellatif El Filali,30-07-1947,abdellatif@myland.com,Unit 6267 Box 5388 DPO AP 55656,ET-AA,+745 5302193238,Female,yes,employed_fulltime,0_5000,two_wheeler,7788771519,not_disabled,non_immigrant
7116813348,5742238285,787377446405786989117361002444455364,Leila Benjelloun,07-09-1950,leila@myland.com,"392 Michael Manor Suite 431 Joneston, MA 87937",ET-OR,+745 9610113506,Female,no,employed_fulltime,0_5000,two_wheeler,6193989634,not_disabled,non_immigrant
9095643825,6944342231,437567884371767286827834658155727901,Ahmed Alaoui,10-01-1962,ahmed@myland.com,"94733 Vanessa Cape Hoffmanstad, NH 28829",ET-DD,+745 1074066829,Female,no,employed_fulltime,0_5000,two_wheeler,8479913418,not_disabled,non_immigrant
7074841256,7557557117,454161523171004335345146326473852334,Saida Moutawakil,02-09-1961,saida@myland.com,Unit 7640 Box 9206 DPO AE 54569,ET-AM,+745 3995645083,Female,yes,employed_parttime,0_5000,two_wheeler,3415896365,not_disabled,non_immigrant
3740953010,6591935311,098360156950976620776428985018676321,Youssef Abou Anas,17-01-1986,youssef@myland.com,"61804 Kimberly Cove Garciachester, GU 46223",ET-BE,+745 7168527224,Female,no,employed_fulltime,5001_10000,four_wheeler,7346781836,not_disabled,non_immigrant
3434446724,4776778577,613980739629802031347534548617922889,Najat Rochdi,03-09-1984,najat@myland.com,"797 Anthony Tunnel Apt. 002 Matthewchester, AZ 54581",ET-AM,+745 7030171993,Male,no,self_employed,0_5000,two_wheeler,7982972531,not_disabled,non_immigrant
3989093305,1897887181,221870879359218252753296183513485793,Abdelilah Benkirane,29-05-1966,abdelilah@myland.com,"92303 Mcmahon Roads Suite 356 East Chrisview, PA 30357",ET-AM,+745 1376550287,Male,no,unemployed,0_5000,bicycle,4866982992,not_disabled,non_immigrant
2610621622,3781929718,503928462157610140414148168214954976,Ghita Jalal,22-02-1954,ghita@myland.com,"73691 Reynolds Walks Lloydfurt, DE 53083",ET-SN,+745 5371462471,Female,yes,unemployed,0_5000,two_wheeler,5513443188,not_disabled,non_immigrant
2715161306,2444881691,429559361168908431347391870397339115,Souad Massi,16-01-1979,souad@myland.com,"521 Gray Unions Brownside, MH 67729",ET-SW,+745 5392455903,Female,yes,employed_parttime,0_5000,bicycle,4262554615,not_disabled,non_immigrant
4443622409,8223598392,963408628490663606084851371358900995,Mohamed Amine Benabou,27-01-2000,mohamed@myland.com,"076 Darren Isle Tiffanymouth, SC 98976",ET-DD,+745 5051226213,Female,no,employed_fulltime,10000_plus,four_wheeler,7828168179,not_disabled,non_immigrant
5425803927,9154351356,956304438516054849968072382247466044,Zohra Drif,31-01-1959,zohra@myland.com,"1083 Greene Ridge Apt. 985 Lauraview, IN 97837",ET-DD,+745 2909147117,Male,no,employed_fulltime,0_5000,two_wheeler,3732241159,not_disabled,non_immigrant
2592020708,6686825359,694236028854959612670763223430269742,Mohamed Choukri,18-07-1973,mohamed@myland.com,"92293 Underwood Springs Apt. 428 Hillchester, PA 74825",ET-OR,+745 4993549004,Female,yes,employed_parttime,0_5000,bicycle,1873311671,not_disabled,non_immigrant
3570832346,6281167223,171578978229785076693957731275885290,Haile Selassie,08-10-1974,haile@myland.com,"4818 Ralph Junction Port Garyberg, VA 93218",ET-AA,+745 2123975721,Male,yes,employed_parttime,0_5000,bicycle,2871651354,not_disabled,non_immigrant
1769690951,1293996519,502765105260530133607927104186749230,Mengistu Haile Mariam,06-12-1937,mengistu@myland.com,"1256 Graham Parkways Suite 533 Christophermouth, MI 43315",ET-OR,+745 9535734886,Male,yes,employed_fulltime,0_5000,two_wheeler,7717778219,not_disabled,non_immigrant
8105779165,5215696555,143525958416156786215467631948956146,Abiy Ahmed,06-08-1990,abiy@myland.com,"386 Cunningham Prairie Brandonchester, MO 25790",ET-TI,+745 1234488053,Male,yes,unemployed,5001_10000,four_wheeler,9437856155,not_disabled,non_immigrant
4041281957,6193444313,629405914754440852132145313824474950,Meles Zenawi,10-06-1970,meles@myland.com,"74824 Lacey Fields Katherineberg, WA 50820",ET-HA,+745 6743867638,Female,no,self_employed,10000_plus,four_wheeler,5267997118,not_disabled,non_immigrant
4029497081,5651155765,517865143098544681900849189719230878,Fikre Selassie Wogderes,01-08-2002,fikre@myland.com,"228 Campbell Drive Suite 704 Lake Alicia, AK 56615",ET-OR,+745 9415764418,Male,no,employed_fulltime,5001_10000,three_wheeler,9591869451,not_disabled,non_immigrant
8051904597,4811455542,777411813040679312718615655586708629,Lidetu Ayalew,08-11-1930,lidetu@myland.com,"0423 Joseph Roads Suite 882 West Jacobchester, SC 70892",ET-OR,+745 2735331505,Female,yes,employed_parttime,0_5000,two_wheeler,3937547979,not_disabled,non_immigrant
7223765835,5455427115,382758838597966133769828278541819908,Birtukan Mideksa,09-12-1967,birtukan@myland.com,"94793 Charles Lake New Kevinborough, PA 20225",ET-OR,+745 8405576088,Male,no,employed_fulltime,0_5000,bicycle,9378295667,not_disabled,non_immigrant
1760185568,9216425459,578803223639771572864418878068911456,Zeresenay Alemseged,09-01-1973,zeresenay@myland.com,"PSC 9765, Box 7256 APO AA 67477",ET-AA,+745 9562391645,Male,yes,employed_fulltime,0_5000,two_wheeler,6734683471,not_disabled,non_immigrant
2313458712,6369777717,575826653840157771405949874291211535,Tirunesh Dibaba,07-03-1943,tirunesh@myland.com,"60233 Parker Loaf Apt. 407 North Virginiahaven, RI 76175",ET-TI,+745 2375253256,Male,no,employed_fulltime,0_5000,bicycle,7857393524,not_disabled,non_immigrant
3505207169,2353893374,501580316893331681703392523237517645,Tsegaye Kebede,19-07-1980,tsegaye@myland.com,"6536 Ray Junctions Mariochester, DE 09161",ET-OR,+745 6793801635,Female,no,employed_parttime,0_5000,two_wheeler,3321889245,not_disabled,non_immigrant
1071546858,8762731768,897156584439700534934562752055272048,Alemayehu Eshete,02-10-1955,alemayehu@myland.com,"41599 Lozano Union Brianmouth, NE 73933",ET-OR,+745 4756838375,Male,no,employed_fulltime,0_5000,two_wheeler,5939131978,not_disabled,non_immigrant
1092101855,1264658199,668634180925241511042220352356304958,Abebe Bikila,12-10-1950,abebe@myland.com,"098 Lynn Extension Apt. 300 Christopherville, OH 68337",ET-DD,+745 7493870259,Male,yes,employed_parttime,0_5000,bicycle,6737715756,not_disabled,non_immigrant
5699336216,2747253364,283898241430808435788587795560858851,Kenenisa Bekele,17-08-1988,kenenisa@myland.com,"54225 Stevens Stream Ashleytown, PW 64769",ET-DD,+745 7187074736,Female,yes,employed_parttime,0_5000,two_wheeler,3915987128,not_disabled,non_immigrant
8145340599,8257889211,480223934738490007908808680333355455,Genzebe Dibaba,24-01-1985,genzebe@myland.com,"283 Brandon Road Suite 390 Louisberg, ND 58185",ET-DD,+745 4210902961,Female,yes,employed_fulltime,0_5000,bicycle,2276324287,not_disabled,non_immigrant
8566327677,6424872846,007235434990714030537788235559761577,Almaz Ayana,12-07-1976,almaz@myland.com,"06428 Anderson Stream Lake Brian, AR 99419",ET-BE,+745 8942873509,Female,yes,employed_parttime,0_5000,two_wheeler,9911332196,not_disabled,non_immigrant
2842557736,1379871579,863980064886905942712469082052501486,Meseret Defar,07-08-2003,meseret@myland.com,"691 Monique Summit Apt. 479 Robertberg, CT 58374",ET-OR,+745 1315641198,Female,no,unemployed,0_5000,two_wheeler,6492189811,not_disabled,non_immigrant
8351888021,8523347624,040469463725506514048921965212283594,Derartu Tulu,16-09-1993,derartu@myland.com,"44017 Jones Orchard North Michelle, OH 42062",ET-SI,+745 4236332608,Male,no,employed_fulltime,5001_10000,three_wheeler,8286447719,not_disabled,non_immigrant
1057842308,6981747915,120050296757260323996764664145090289,Sileshi Sihine,29-04-1982,sileshi@myland.com,"862 Jacob Walks Apt. 712 West Courtney, TX 06077",ET-BE,+745 1417862203,Female,yes,employed_parttime,0_5000,bicycle,7388316218,not_disabled,non_immigrant
9012058918,3786337834,740512654640794399211063965681197265,Haile Gebrselassie,07-06-2001,haile@myland.com,"4563 Laurie Keys Shafferfort, WA 72298",ET-OR,+745 2851213228,Female,no,employed_parttime,5001_10000,two_wheeler,3657598317,not_disabled,non_immigrant
1418748441,3459147498,734209933310179284950828498485135059,Hailu Mekonnen,05-11-2002,hailu@myland.com,"02386 Scott Unions Adamsland, OH 81413",ET-SW,+745 6403256553,Female,yes,employed_fulltime,5001_10000,two_wheeler,7951969538,not_disabled,non_immigrant
9526058160,5411592666,323937862141844468434808391862897430,Kofi Yamgnane,12-01-1937,kofi@myland.com,USS Vasquez FPO AP 73144,ET-BE,+745 5830138918,Male,yes,employed_fulltime,0_5000,two_wheeler,9327163815,not_disabled,non_immigrant
1168779918,8786984973,636964392243887954917755716928271846,Edem Kodjo,18-02-1985,edem@myland.com,"2278 Clarke Viaduct Suite 369 Leefort, WI 04502",ET-TI,+745 6382053496,Male,yes,self_employed,0_5000,bicycle,1618474865,not_disabled,non_immigrant
1820511280,2663451972,007638906707188698977075538541081724,Charles Trenet,28-05-1931,charles@myland.com,"655 Richard Knoll Apt. 575 Jacobburgh, NM 72586",ET-GA,+745 9302034963,Female,yes,employed_fulltime,0_5000,two_wheeler,7527632327,not_disabled,non_immigrant
1297338164,2728573637,513034642607902765511558653966025133,Christine Adjobi,29-04-1998,christine@myland.com,"514 Evan Station Port Scottland, TX 29629",ET-DD,+745 8563543511,Male,no,employed_parttime,0_5000,bicycle,4789949154,not_disabled,non_immigrant
7908995484,8352887152,002144504462828490451605937192720597,Abass Kaboua,17-05-1988,abass@myland.com,"265 Lori Lights Apt. 323 New Cynthia, DC 76387",ET-SN,+745 5216120705,Female,no,employed_parttime,5001_10000,three_wheeler,3234425268,not_disabled,non_immigrant
1138498102,6732799947,244747267205569372230096238863033404,James Amaglo,14-04-1987,james@myland.com,"013 Tonya Burgs New Keithville, UT 21182",ET-SN,+745 3116706245,Male,no,employed_parttime,10000_plus,four_wheeler,8982828822,not_disabled,non_immigrant
6785866945,1773827845,454861102555336542160683767969740739,Jules Kodjo,30-01-1982,jules@myland.com,"00418 Vazquez Keys Collinsbury, ND 30576",ET-BE,+745 3023245275,Female,yes,employed_fulltime,5001_10000,two_wheeler,6567555583,not_disabled,non_immigrant
8468698260,6726555613,393982597850358399089369917868092048,Rock M. Ouattara,03-07-1991,rock@myland.com,"1353 Hartman Plains Apt. 539 North Douglas, MD 93252",ET-BE,+745 9361058123,Male,no,employed_parttime,0_5000,bicycle,2335832772,disabled,immigrant
5510565218,8718185613,661031046040425054614849342650026107,Kokouvi Mawuena Agbetomey,24-06-1991,kokouvi@myland.com,"88031 Harris Isle Apt. 662 West Robert, CA 79293",ET-OR,+745 5084209869,Female,no,self_employed,0_5000,two_wheeler,7419912614,not_disabled,non_immigrant
2491080545,6554149744,452369119173082416112474274035683220,Gilbert Fossoun Houngbo,02-05-1946,gilbert@myland.com,"383 Mullins Crescent Rodriguezbury, CA 13317",ET-SW,+745 8218720575,Female,no,self_employed,0_5000,two_wheeler,8333141266,not_disabled,non_immigrant
7561054279,9642368817,870809853900130494878205230626530886,Bernadette Legzim-Balouki,07-11-1950,bernadette@myland.com,"15671 Ashley Fork Apt. 646 New Anthonyfurt, WA 33164",ET-AF,+745 6403615590,Female,yes,unemployed,0_5000,bicycle,2736648897,not_disabled,non_immigrant
9302585396,9498293457,399047487771607518762348530167603444,Charles Debbasch,02-09-1990,charles@myland.com,"2937 Bell Mill Franklinside, IL 28703",ET-OR,+745 8362292664,Female,no,employed_fulltime,0_5000,two_wheeler,2522963738,not_disabled,non_immigrant
1483149888,5529394557,866984072435463124372331568885057560,Joseph Kokou Koffigoh,24-03-1997,joseph@myland.com,"45105 Stephen Stravenue Apt. 029 East Jack, WY 82235",ET-DD,+745 2733679527,Male,no,unemployed,0_5000,two_wheeler,7576215428,disabled,non_immigrant
6306790428,5738861328,052068568116134556689292404097293463,Pascal Bodjona,15-02-1948,pascal@myland.com,"2314 Edward Islands Brownburgh, FM 97921",ET-SI,+745 2387364617,Female,no,employed_fulltime,0_5000,two_wheeler,4696541991,not_disabled,non_immigrant
1299685587,8347389524,661657292901928523761936860421060448,Namal Rajapaksa,25-02-1993,namal@myland.com,"23960 Sandra Burgs Marshalltown, FM 34970",ET-BE,+745 5002298291,Female,yes,unemployed,0_5000,two_wheeler,6351895677,not_disabled,non_immigrant
8925790216,5736696269,082007920235884347959451144210150305,Mahela Jayawardene,23-04-1955,mahela@myland.com,"139 Hoffman Ridge Suite 095 Ronaldview, WA 13519",ET-SN,+745 4108999527,Male,no,employed_parttime,0_5000,two_wheeler,7375418173,not_disabled,non_immigrant
5098164610,6683372595,194772037952977694634009142429229699,Kumar Sangakkara,02-09-1953,kumar@myland.com,"41540 Jones Street Suite 009 Port Melissashire, MI 51882",ET-OR,+745 8215737258,Female,yes,self_employed,5001_10000,two_wheeler,4344738495,not_disabled,non_immigrant
4499300444,7744225491,395856137588168899708364993200877163,Muttiah Muralitharan,18-03-1936,muttiah@myland.com,USS Hernandez FPO AA 84768,ET-SW,+745 5378420520,Male,yes,self_employed,5001_10000,four_wheeler,6392588446,not_disabled,non_immigrant
6509831370,1729372279,590265626500128412967436575394116599,Chaminda Vaas,08-03-1949,chaminda@myland.com,"803 Jennifer Crossing Suite 963 Littleton, CO 91037",ET-SI,+745 1701145037,Female,yes,employed_parttime,0_5000,two_wheeler,4796163837,not_disabled,non_immigrant
4009153493,9975222792,086841828577149927555734348705846379,Sanath Jayasuriya,24-06-1959,sanath@myland.com,"687 Ronald Courts Lynnshire, MO 06880",ET-SN,+745 6698176320,Female,yes,self_employed,0_5000,two_wheeler,5793616422,not_disabled,non_immigrant
4281435155,4268888627,622254407947618955414419737845603308,Angelo Mathews,18-05-1949,angelo@myland.com,"990 Gregory Hollow Suite 914 Allenhaven, FL 52620",ET-GA,+745 4748900995,Male,yes,employed_fulltime,0_5000,two_wheeler,6679937776,not_disabled,non_immigrant
9885841054,5667457221,670015571086503748928290661724807579,Lasith Malinga,06-07-1974,lasith@myland.com,"7936 Renee River Laurenville, ND 12469",ET-AA,+745 7861221366,Female,yes,self_employed,0_5000,two_wheeler,4621674495,not_disabled,non_immigrant
8841579456,4333453232,397170609702798905213908866550671929,Rangana Herath,14-11-1942,rangana@myland.com,"8058 Matthew Forge Brownberg, MT 48885",ET-SN,+745 2770144707,Female,no,employed_fulltime,0_5000,two_wheeler,7898961736,not_disabled,non_immigrant
4553538896,2986781376,453698738691220907956115109798282096,Upul Tharanga,30-11-2002,upul@myland.com,Unit 0569 Box 5986 DPO AP 59272,ET-AM,+745 8747529245,Female,no,employed_parttime,0_5000,bicycle,9925754567,not_disabled,non_immigrant
8962073240,6832427589,778079451136820245060967911340162737,Aravinda de Silva,21-09-1959,aravinda@myland.com,"526 Luke Ferry New Jonathon, AL 50311",ET-AM,+745 3070558845,Female,no,employed_parttime,5001_10000,four_wheeler,2896849376,not_disabled,non_immigrant
9631756836,9258533166,411637931237289520974348382186710388,Tissa Wijeratne,26-10-1985,tissa@myland.com,"91358 Ashley Vista Lyonschester, NH 83853",ET-HA,+745 1814487380,Male,no,employed_fulltime,0_5000,two_wheeler,5619852538,not_disabled,non_immigrant
7906385030,9722348255,996625466232333863886861829590644620,Ananda Coomaraswamy,28-01-1938,ananda@myland.com,"359 Barton Passage Kevinborough, RI 29150",ET-BE,+745 4738193657,Male,no,employed_parttime,0_5000,bicycle,3114721652,not_disabled,non_immigrant
6009516013,3778421947,029441484374021863924673835463664772,George Keyt,25-08-1989,george@myland.com,"035 Karen Square Wagnerstad, MA 94635",ET-SI,+745 2246023909,Male,no,unemployed,0_5000,two_wheeler,3746566787,not_disabled,non_immigrant
4822427148,5254487514,647924805618465352290789476981519482,W.D. Amaradeva,27-03-1979,w.d.@myland.com,"768 Steven Wells East Shannon, PR 11261",ET-SN,+745 1826884215,Female,yes,employed_parttime,0_5000,bicycle,1947263138,not_disabled,non_immigrant
4898750274,3921426748,565872662450759732402458146446344042,Ediriweera Sarachchandra,20-06-1997,ediriweera@myland.com,"7136 Marissa Meadow West Jenniferhaven, OR 09887",ET-AF,+745 4152762955,Male,no,employed_parttime,5001_10000,two_wheeler,6719723894,not_disabled,non_immigrant
5997366052,5321643618,504171097124212470425517891013977176,Lester James Peries,04-07-1964,lester@myland.com,"835 Meredith Oval Suite 892 East Derrick, VA 65233",ET-OR,+745 9794855587,Female,no,employed_parttime,0_5000,two_wheeler,6391375919,not_disabled,non_immigrant
9813242823,9175196394,562983580092058519543239997756582069,Sri Rahula Thera,27-04-1996,sri@myland.com,"2931 Wolfe Manor Apt. 279 Antoniofurt, NE 83667",ET-SI,+745 6646589040,Male,no,self_employed,5001_10000,three_wheeler,5251841576,not_disabled,non_immigrant
6253474300,4939795862,547002607603334978609313309070878374,Ven. Walpola Rahula Thero,21-09-1987,ven.@myland.com,USS Morris FPO AE 32707,ET-DD,+745 1518397088,Female,no,employed_parttime,0_5000,bicycle,1339953348,disabled,non_immigrant
9860975504,8929455731,740400680498873555852876381426772177,Anagarika Dharmapala,27-12-1936,anagarika@myland.com,"1093 Jeremy Rue East Kimberly, CA 22667",ET-SW,+745 9663016727,Male,yes,employed_parttime,0_5000,two_wheeler,1935366332,not_disabled,non_immigrant
7451998749,8444632292,973177159886646235860122247994800549,Andry Rajoelina,07-01-1959,andry@myland.com,Unit 8347 Box 7756 DPO AP 35865,ET-TI,+745 5866531800,Female,yes,employed_parttime,0_5000,two_wheeler,2196417154,not_disabled,non_immigrant
9062602435,2189957184,302898840891319593711261259151859078,Hery Rajaonarimampianina,23-09-1993,hery@myland.com,"29632 Miller Crossroad Manueltown, KY 33404",ET-DD,+745 8197575377,Female,no,self_employed,0_5000,two_wheeler,3325219864,not_disabled,non_immigrant
6722782724,4647551889,594267634698465875134277116357070474,Didier Ratsiraka,30-11-1970,didier@myland.com,"27790 Joshua Forest Hallview, FL 74410",ET-BE,+745 2945608061,Male,no,unemployed,5001_10000,four_wheeler,3223391392,not_disabled,non_immigrant
8326699094,9962352116,343713885706940001183236187671903082,Albert Zafy,26-11-1989,albert@myland.com,"476 Jill Course Apt. 764 Cookborough, NV 63789",ET-BE,+745 3297783113,Female,yes,employed_fulltime,0_5000,bicycle,1713284835,not_disabled,non_immigrant
2230571727,5591996938,886543904255998014190726340407103021,Marc Ravalomanana,15-10-1990,marc@myland.com,"8716 Dean Cove Joshuamouth, NH 75745",ET-DD,+745 5269503311,Female,no,employed_fulltime,0_5000,bicycle,3555335883,not_disabled,non_immigrant
4894298114,9581416986,474170229550646508234206227314825837,Lalao Ravalomanana,21-09-1975,lalao@myland.com,"663 Turner Fields Apt. 746 East Bryanberg, MT 51496",ET-DD,+745 4127153990,Female,yes,employed_fulltime,0_5000,two_wheeler,2935846838,not_disabled,non_immigrant
1966156601,9872174177,879832885699257581050395308825841792,Roland Ratsiraka,14-07-1979,roland@myland.com,Unit 2420 Box 9387 DPO AA 10788,ET-SN,+745 1921431663,Male,yes,self_employed,0_5000,two_wheeler,4684521665,not_disabled,non_immigrant
3458459909,8143651991,841028002577577279678714848248092860,Norbert Ratsirahonana,11-06-1955,norbert@myland.com,"4644 Willie Mountain Apt. 122 Lake Heidi, AZ 47649",ET-OR,+745 6827563713,Female,no,employed_parttime,0_5000,bicycle,6311914359,not_disabled,non_immigrant
5693287949,1482244656,681610449812793612415270911723644139,Olivier Rakotovazaha,31-01-1997,olivier@myland.com,"993 Douglas Shoals Williammouth, FL 41593",ET-OR,+745 2726361123,Male,yes,employed_parttime,0_5000,bicycle,3339872187,not_disabled,non_immigrant
6215016437,4556888819,427371972491679390902329097478586248,Herizo Razafimahaleo,26-06-1988,herizo@myland.com,"3146 Miller Spurs Jamesmouth, MI 68135",ET-OR,+745 4987347171,Female,no,employed_parttime,5001_10000,three_wheeler,2645688684,not_disabled,non_immigrant
8380354288,2742382441,794887718881038065320769814287438781,Raymond Ranjeva,30-03-1944,raymond@myland.com,"230 Teresa Views Lynnbury, NC 59437",ET-AM,+745 6435130112,Male,yes,employed_parttime,0_5000,bicycle,4322899636,not_disabled,non_immigrant
3854455097,9229542397,679745284184031774028149064377871639,Elie Rajaonarison,02-12-1937,elie@myland.com,"01863 Jones Circle Suite 238 New Tannerton, KY 03041",ET-SI,+745 7046806459,Female,yes,employed_parttime,0_5000,two_wheeler,4794759798,not_disabled,non_immigrant
9185664021,9477323773,369942043467738979090825777557828132,John Robert,07-12-1988,john@myland.com,"160 Watkins Village Debrahaven, MS 59347",ET-SW,+745 8044720120,Male,no,unemployed,5001_10000,four_wheeler,1635182897,not_disabled,non_immigrant
8618250477,2218495651,609334095502003449914112236470152162,Soloniaina Razafimahefa,28-08-1944,soloniaina@myland.com,"9922 Madison Station Edwardville, SC 01011",ET-OR,+745 8602114969,Female,yes,employed_fulltime,0_5000,bicycle,6847796744,not_disabled,non_immigrant
3753856640,9423667699,042294770330557291322343685351546687,Albert Rakoto Ratsimamanga,23-11-1967,albert@myland.com,"47909 Eric Corner Audreyburgh, NM 00555",ET-BE,+745 4771721987,Male,no,employed_fulltime,0_5000,bicycle,2798482186,not_disabled,non_immigrant
1217892182,3452422954,027252469903063032784904315958771065,Rasoa Kininike,29-04-1998,rasoa@myland.com,"PSC 6922, Box 8761 APO AE 43755",ET-DD,+745 3524271956,Female,yes,self_employed,0_5000,bicycle,9911348849,not_disabled,non_immigrant
4942152244,9746865636,440580501014069618826599743035015238,Flora Ratsimba,01-10-1964,flora@myland.com,"166 Joshua Light North Charlesshire, TX 74685",ET-AF,+745 8819278198,Female,no,employed_parttime,5001_10000,four_wheeler,9837734842,not_disabled,non_immigrant
2060528136,8448969757,282741570380881987619297882468523133,Nadia Rabemanantsoa,18-06-1999,nadia@myland.com,"576 Crystal Gateway Suite 071 New Joseph, OR 39290",ET-OR,+745 7381624340,Female,no,employed_parttime,0_5000,bicycle,9592436278,not_disabled,non_immigrant
7984608379,5194823846,127754989025793745966100005348985258,Olivier Randrianarisoa,16-12-1968,olivier@myland.com,USCGC Johnson FPO AA 24080,ET-DD,+745 4551576919,Male,no,self_employed,0_5000,two_wheeler,9285472737,not_disabled,non_immigrant
8805820924,9654719775,081068458445361883861016683087266132,Ernest Bai Koroma,08-09-1945,ernest@myland.com,"18582 Scott Stravenue Apt. 210 South Haileyhaven, OH 74497",ET-AA,+745 8072198030,Male,yes,employed_fulltime,0_5000,bicycle,8785692288,not_disabled,non_immigrant
2134138737,4323288315,096384297947005989177107802180568859,Julius Maada Bio,30-11-1940,julius@myland.com,"47042 Sharon Skyway Apt. 695 Anthonyshire, AK 24604",ET-OR,+745 9144212900,Male,no,unemployed,5001_10000,three_wheeler,9687536121,not_disabled,non_immigrant
8865748893,6777587764,682296333210291782690604034279591771,Joseph Saidu Momoh,28-03-1940,joseph@myland.com,Unit 0446 Box 7786 DPO AP 69673,ET-SN,+745 1346929731,Male,no,self_employed,5001_10000,two_wheeler,2515729148,not_disabled,non_immigrant
5335532877,6166337925,549717361249271057927689976068051159,Siaka Stevens,15-10-1990,siaka@myland.com,"1890 Renee Islands Suite 392 Monicafort, NC 61920",ET-AM,+745 6823595981,Female,yes,employed_fulltime,0_5000,two_wheeler,3152868837,not_disabled,non_immigrant
5545462721,3771499698,889466535482371568807832911648209361,Ahmad Tejan Kabbah,02-11-1993,ahmad@myland.com,"38820 Christopher Ramp Lake Carol, AS 59423",ET-BE,+745 4678920855,Female,no,others,0_5000,bicycle,2725496298,not_disabled,non_immigrant
6078074767,3273282982,136211530655019237334692915129628783,Samuel Sam-Sumana,31-07-1981,samuel@myland.com,"37821 Arnold Burg Apt. 646 Lake Angelaview, PR 23317",ET-DD,+745 9448705066,Male,no,self_employed,0_5000,bicycle,3719512221,not_disabled,non_immigrant
3743131667,8391457519,818885084587576528470024453269720493,Solomon Berewa,21-12-1938,solomon@myland.com,Unit 6654 Box 1621 DPO AE 47629,ET-AM,+745 7110428377,Male,no,self_employed,0_5000,two_wheeler,8433371962,not_disabled,non_immigrant
9678024441,7982152123,629462017305691822143540478432116852,Alhaji Ahmadu Sulaiman Bah,05-06-1981,alhaji@myland.com,"162 Bates Village Apt. 142 Kyleville, ND 37070",ET-SW,+745 6565366814,Female,no,employed_fulltime,5001_10000,two_wheeler,1911796945,not_disabled,non_immigrant
2320644448,6253958745,722494656432951287459976472734137669,Milton Margai,05-03-1952,milton@myland.com,"231 Greg Estates New Jacqueline, SD 09838",ET-SI,+745 3339075938,Male,yes,unemployed,0_5000,bicycle,3625521599,not_disabled,non_immigrant
5663799872,5272537372,338074663399914600202728375248968242,Albert Margai,20-08-1977,albert@myland.com,"70069 Smith Extension East Williamborough, MP 28857",ET-HA,+745 9605681433,Male,no,employed_fulltime,0_5000,two_wheeler,7118541128,not_disabled,non_immigrant
3220864207,7761293169,038767520519172643109417658750232832,Mohamed Sorie Fornah,18-11-1991,mohamed@myland.com,"7374 Sara Throughway Jenniferfurt, ND 08559",ET-AA,+745 1080175897,Female,yes,employed_parttime,0_5000,bicycle,1418191517,not_disabled,non_immigrant
5781709453,5496614473,811414996492392737284861760962564912,John Karefa-Smart,28-07-2004,john@myland.com,Unit 9796 Box 4889 DPO AA 91587,ET-SN,+745 1226439521,Male,no,self_employed,0_5000,bicycle,7337416537,not_disabled,non_immigrant
1078216259,7335484654,063228964127592799481417083156903193,Christiana Thorpe,21-12-1956,christiana@myland.com,"759 Sparks Unions Timothyberg, AK 60417",ET-DD,+745 5067376354,Male,yes,unemployed,0_5000,bicycle,9991623278,not_disabled,non_immigrant
8004354233,2334464241,513383643810660656119107535780954667,Baimba Kamara,11-12-1986,baimba@myland.com,"7044 Frank Circles Suite 648 Lake Chadton, AK 36541",ET-OR,+745 1510389128,Female,yes,employed_fulltime,0_5000,two_wheeler,7949746951,not_disabled,non_immigrant
3001542091,3578181359,659604490536872354540844021131877508,Abdul Karim Bangura,07-01-1938,abdul@myland.com,"49146 Sabrina Street South Loriport, KS 37719",ET-DD,+745 6353355554,Male,yes,employed_parttime,0_5000,two_wheeler,6796296387,not_disabled,non_immigrant
5263115842,8818863223,896358494033367194750498858357542144,Isha Johansen,21-06-1969,isha@myland.com,"81100 David Brooks Suite 467 Georgeport, MA 76629",ET-OR,+745 2276660769,Female,no,self_employed,0_5000,bicycle,7563737641,not_disabled,non_immigrant
1023535291,6188743995,420589995489121415169895466619932223,Alimamy Petito Koroma,02-06-1979,alimamy@myland.com,"527 Jones Drives Port Joseph, MI 90756",ET-HA,+745 3934001023,Male,yes,employed_parttime,0_5000,two_wheeler,4298559226,not_disabled,non_immigrant
3636091152,8963932734,689002274297750673922106259664253170,Zainab Bangura,19-05-1978,zainab@myland.com,"6145 Lane Prairie Timothyland, FL 38023",ET-OR,+745 7764961391,Female,no,employed_fulltime,0_5000,two_wheeler,2969289482,disabled,non_immigrant
3647389156,9815547165,995915480882691443995848222132824964,Mohamed Kallon,28-07-1970,mohamed@myland.com,"56065 Amanda Crest Suite 844 Port Jenniferfurt, OK 79233",ET-AM,+745 6659354948,Female,no,self_employed,5001_10000,four_wheeler,3779235714,not_disabled,non_immigrant
3843659566,1637543589,729742643327024306742125949195364721,Karamoh Kabba,20-04-1991,karamoh@myland.com,"042 Paul Port Apt. 885 Nathanland, TN 37743",ET-SN,+745 1592081498,Male,no,employed_parttime,0_5000,bicycle,5868215433,not_disabled,non_immigrant
7556192868,2713629347,321693882448198862969401561640584757,Thomas Sankara,11-03-1989,thomas@myland.com,"1064 Bradley Flats Ramirezburgh, OK 91142",ET-OR,+745 3533884401,Female,yes,employed_parttime,5001_10000,two_wheeler,4962289355,not_disabled,non_immigrant
7794723634,9899412139,486632379671110642299309907342053392,Mahamadi Kouanda,11-05-1971,mahamadi@myland.com,USCGC Mccall FPO AA 53757,ET-DD,+745 5606389190,Male,no,employed_parttime,0_5000,bicycle,3987797926,not_disabled,non_immigrant
4809525594,2476236721,678988324499443183945619050690453344,Joseph Ki-Zerbo,27-12-1954,joseph@myland.com,"33453 Matthew Mews Suite 137 New Michaelland, MP 78628",ET-OR,+745 1160520927,Male,yes,unemployed,0_5000,two_wheeler,2419489396,not_disabled,non_immigrant
9716998955,9945265881,102740992908571077180215197287902084,Norbert Zongo,02-03-1930,norbert@myland.com,"34193 Christopher Well Apt. 205 Wardville, AS 58524",ET-AM,+745 8488481199,Female,yes,employed_parttime,0_5000,two_wheeler,2458261682,not_disabled,non_immigrant
1007463746,9489156128,698648840296078400021842807636121994,Bado Oumar Idrissa,02-08-1980,bado@myland.com,"0415 Johnson Plains Suite 593 Lake Jameschester, CA 26998",ET-AM,+745 3191364230,Female,yes,unemployed,0_5000,two_wheeler,2975695758,not_disabled,non_immigrant
5223467863,2974977718,295487670395829552151344094392048339,Luc-Adolphe Tiao,30-04-1986,luc-adolphe@myland.com,"PSC 8886, Box 0081 APO AA 98579",ET-SN,+745 6084024878,Male,no,employed_parttime,0_5000,two_wheeler,5448538741,not_disabled,non_immigrant
9467053021,1824424534,726669935398915307969173952766246945,Salif Diallo,11-01-2002,salif@myland.com,"891 Lewis Ramp Apt. 568 North Matthewview, NE 26136",ET-BE,+745 5624773489,Female,yes,employed_parttime,5001_10000,three_wheeler,4713697361,not_disabled,non_immigrant
8982799989,1426239335,203018076101212600723860967717254192,Idrissa Nassa,11-11-1994,idrissa@myland.com,"570 Aaron Road Suite 286 North Kenneth, AR 70096",ET-OR,+745 9945824841,Male,yes,employed_parttime,0_5000,two_wheeler,7125798551,not_disabled,non_immigrant
2740259744,3819494816,742769225778036386259351623167732596,Rosine Sory-Coulibaly,29-06-1961,rosine@myland.com,"90972 Winters Avenue Suite 096 Brownfort, PR 35229",ET-SI,+745 5126135330,Male,no,employed_parttime,5001_10000,two_wheeler,4192538764,not_disabled,non_immigrant
2251974257,4741591733,236572593035529942547514331392498186,Alpha Yago,07-12-1944,alpha@myland.com,"05504 Mark Rue Suite 743 New Jeanettetown, WA 60879",ET-AM,+745 7506528593,Male,no,employed_fulltime,0_5000,two_wheeler,6566934857,not_disabled,non_immigrant
1778827580,6446386215,077483092327356002260519266483641839,Fatimata Ouattara,04-01-1995,fatimata@myland.com,Unit 1249 Box 3175 DPO AP 47451,ET-AA,+745 4132074804,Female,yes,self_employed,0_5000,bicycle,8277491387,not_disabled,non_immigrant
7674292460,2656242424,827804332273769598653364929545715054,Cellou Dalein Diallo,15-11-1935,cellou@myland.com,"44020 Amber Hill Apt. 842 Lake Glenn, OH 86656",ET-AM,+745 9930448105,Male,yes,self_employed,5001_10000,four_wheeler,9551542364,not_disabled,non_immigrant
4436431125,5362852953,977744196496356359920364765647862475,Alpha Yaya Diallo,20-05-2004,alpha@myland.com,"285 Castro Springs Rodriguezberg, FL 23204",ET-OR,+745 1153692965,Female,no,employed_fulltime,0_5000,two_wheeler,9776679675,not_disabled,non_immigrant
3317022561,3193711263,092495536091097986537081615988517964,Kabinet Fofana,05-10-1975,kabinet@myland.com,"43751 Wilson Ranch Garciafort, TX 93671",ET-DD,+745 9381420656,Female,no,employed_parttime,5001_10000,four_wheeler,4383254593,disabled,non_immigrant
5281022408,7316827916,665090023914090660398558698791354154,Mamadi Doumbouya,30-05-1943,mamadi@myland.com,"PSC 6315, Box 6307 APO AP 86894",ET-AM,+745 6429978446,Female,yes,employed_parttime,10000_plus,three_wheeler,9348722185,not_disabled,non_immigrant
7418613782,1319536838,393001624773819037428272290829841202,Louis Lansana Beavogui,10-05-1955,louis@myland.com,"94054 Alexander Via Suite 997 Debraborough, ID 92482",ET-OR,+745 9978822216,Female,no,employed_parttime,5001_10000,four_wheeler,2421747627,not_disabled,non_immigrant
9545967708,5889377419,231357247805047970956729553140616570,Abdoulaye Keita,05-03-1951,abdoulaye@myland.com,Unit 6895 Box 0533 DPO AA 53260,ET-SW,+745 7755835081,Female,no,self_employed,5001_10000,two_wheeler,2121323243,not_disabled,non_immigrant
2713206660,8749685895,300230697330257904015491763967726633,Alhassane Bangoura,05-09-2003,alhassane@myland.com,"9905 Atkins Crest Apt. 353 Williamsborough, AR 17424",ET-DD,+745 5203173132,Female,no,others,0_5000,two_wheeler,6858418612,not_disabled,non_immigrant
2826504911,1664177211,333646588701089910973871285283655908,Boubacar Diallo,01-12-1930,boubacar@myland.com,"271 Susan Loaf Suite 218 Lake Melissabury, DE 19464",ET-SI,+745 7229452836,Male,no,employed_fulltime,5001_10000,three_wheeler,3922585683,not_disabled,non_immigrant
9109609029,7648292894,059881657145826983414975082377716706,Kaba Camara,14-02-1999,kaba@myland.com,Unit 8666 Box 8233 DPO AP 53840,ET-SW,+745 9784049263,Male,yes,unemployed,5001_10000,two_wheeler,4613215788,not_disabled,non_immigrant
8259179395,4126251928,225561380547745926997827668850838590,Karamo Alpha Gadiaga,17-07-2002,karamo@myland.com,"611 Jason Fords Cruzfort, MP 69887",ET-OR,+745 1011634394,Female,yes,employed_parttime,0_5000,bicycle,8329817483,disabled,non_immigrant
2037589978,6876877736,611905752203886146594153994147405434,Kerfalla Camara,10-01-1972,kerfalla@myland.com,"444 Jose Islands Andreaburgh, FL 71250",ET-OR,+745 5091081735,Male,no,employed_fulltime,0_5000,two_wheeler,3976151111,disabled,non_immigrant
9460573108,8464541592,802111969740464278172012118723823425,Mamady Youla,13-12-1983,mamady@myland.com,"4523 Angela Lodge West Amanda, FM 79659",ET-SI,+745 8167159022,Female,no,employed_parttime,5001_10000,three_wheeler,5562237682,not_disabled,non_immigrant
9060390726,1828624885,428877192417383859265107989811990273,Mohamed Lamine Fofana,02-12-1944,mohamed@myland.com,"7052 Carla Crossing Tuckerview, AZ 13754",ET-OR,+745 4508320275,Female,no,self_employed,5001_10000,three_wheeler,2169729228,not_disabled,non_immigrant
4049999191,1362316877,856887349138488618154880333332115422,Saa Sabas Bangoura,12-10-1999,saa@myland.com,"7053 Moon Field Suite 654 Vanessaside, MT 20357",ET-AM,+745 3616867044,Female,yes,self_employed,0_5000,two_wheeler,7594548519,not_disabled,non_immigrant
4746143003,9497965791,797799175526791626104224437423066255,Siaka Barry,20-06-1966,siaka@myland.com,"57263 Scott Parkways West Shannonchester, MS 68376",ET-DD,+745 5545393753,Female,no,employed_fulltime,0_5000,two_wheeler,7496138446,not_disabled,non_immigrant
7352806772,1773141952,625762092651558167619082504244922667,Siradiou Diallo,24-02-1978,siradiou@myland.com,Unit 2979 Box 3262 DPO AE 42850,ET-TI,+745 5282085953,Male,no,unemployed,5001_10000,four_wheeler,1932848814,not_disabled,non_immigrant
7598380846,8217353245,995987155168840566468483468923344104,Gloria Macapagal-Arroyo,05-09-1933,gloria@myland.com,USNV Flores FPO AE 16042,ET-TI,+745 9579222149,Female,yes,employed_parttime,5001_10000,two_wheeler,5494373447,not_disabled,non_immigrant
3020275638,5474889656,779190891884955516709754754596875292,Benigno S. Aquino III,15-03-1972,benigno@myland.com,"77326 Nelson Falls East Diane, ID 48959",ET-SN,+745 3595450451,Male,no,unemployed,0_5000,two_wheeler,1114169773,not_disabled,non_immigrant
1705601662,7668738455,611815306328407781446863151633186572,Rodrigo Duterte,16-11-1961,rodrigo@myland.com,"35355 Cook Oval South Derekberg, IL 12634",ET-AM,+745 6102024084,Male,yes,employed_parttime,5001_10000,four_wheeler,1769418979,not_disabled,immigrant
3618749906,2962626772,421310930272686454834871656945745625,Manny Pacquiao,28-02-1932,manny@myland.com,"283 Daniel Overpass Apt. 485 Deborahton, OH 98094",ET-AA,+745 1894726163,Female,yes,employed_parttime,0_5000,bicycle,1591322882,not_disabled,non_immigrant
5798554852,2157776187,309016041451341757751647158722330717,Leni Robredo,16-09-1999,leni@myland.com,"9608 Garrett Track Apt. 720 Salastown, FM 89774",ET-BE,+745 1742847873,Female,no,self_employed,0_5000,bicycle,6165612947,not_disabled,non_immigrant
8634298625,3597588585,350828547392035175989456967890242641,Imelda Marcos,22-08-1978,imelda@myland.com,"059 Christopher Avenue Sheltontown, MI 64759",ET-SW,+745 3585002498,Male,no,employed_parttime,5001_10000,two_wheeler,5481734664,not_disabled,non_immigrant
2270034193,3716118242,541553125099125326115819298726889453,Jose Rizal,02-02-1978,jose@myland.com,"9268 King Trace Apt. 908 North Williamchester, MO 08940",ET-OR,+745 2745907516,Female,yes,self_employed,0_5000,two_wheeler,3112849125,not_disabled,non_immigrant
4223707526,5142167419,472694016467212779026125486281863010,Carlos P. Garcia,26-03-1944,carlos@myland.com,"6917 Pennington Rapids Apt. 696 West Colin, ND 86534",ET-SN,+745 7042576521,Female,no,employed_parttime,0_5000,two_wheeler,5285974562,not_disabled,non_immigrant
3251635828,3366823863,502262024909511966534914861515532460,Maria Corazon Aquino,14-04-1997,maria@myland.com,"1067 Sellers Grove Suite 434 Bruceview, OR 57731",ET-OR,+745 3572938073,Female,yes,others,0_5000,bicycle,8469375273,not_disabled,non_immigrant
8568936810,3577591379,217543972513678589126758396785961058,Ferdinand Marcos,21-01-1987,ferdinand@myland.com,"265 Clark Courts Apt. 568 South Amber, RI 55515",ET-OR,+745 4256693332,Male,yes,employed_fulltime,5001_10000,four_wheeler,3394958675,not_disabled,non_immigrant
8516581035,8192397222,442782601407325743522253172792158780,Haja Mariama Kamara,21-05-1957,haja@myland.com,"7519 Donna Forge Mooreville, VA 78407",ET-BE,+745 9890056212,Female,no,employed_parttime,5001_10000,three_wheeler,2961334896,not_disabled,non_immigrant
5978113318,3378649196,706013964113142596254720172334512864,Hassan Gbassay Koroma,19-09-1930,hassan@myland.com,"635 Winters Stravenue Apt. 767 Meganstad, SD 73330",ET-SN,+745 4439525844,Female,yes,employed_parttime,0_5000,bicycle,5166937164,not_disabled,non_immigrant
1490021621,9336665377,781360822924886752489773522928219788,Musa Tarawally,31-03-1977,musa@myland.com,"88722 Molly Unions Zunigastad, NH 58262",ET-DD,+745 3546139160,Female,no,unemployed,0_5000,bicycle,8489162742,not_disabled,non_immigrant
3405974231,1565525942,201632526097258995627598001544008444,Kandeh Yumkella,27-01-1946,kandeh@myland.com,"77292 Gilbert Groves Brandyshire, FL 57911",ET-OR,+745 9049315859,Female,yes,employed_fulltime,0_5000,two_wheeler,6795628911,not_disabled,non_immigrant
4293995653,8825593929,204914100745057510713067652580583478,Fatmata Sawaneh,19-02-1993,fatmata@myland.com,"049 Benjamin Orchard Suite 716 West Angela, AK 56127",ET-SN,+745 4331945059,Male,no,self_employed,0_5000,bicycle,1682117668,not_disabled,non_immigrant
4277018194,1276712234,706044060972613815303780000994809209,Chernor Maju Bah,18-07-1937,chernor@myland.com,"6074 Carter Stream Port Robert, MO 56036",ET-OR,+745 9285949481,Female,yes,self_employed,0_5000,bicycle,2186768718,not_disabled,non_immigrant
1578983742,4645255436,382344931955736818684429517533202060,Adama Kamara,06-06-1951,adama@myland.com,"12460 Mccall Branch Apt. 206 South Susan, VT 74803",ET-AM,+745 4464194443,Female,yes,employed_fulltime,0_5000,two_wheeler,1888728169,not_disabled,non_immigrant
9293665359,7832953438,729106469894621588911379615712351688,Brima A. Sheriff,12-11-1952,brima@myland.com,"370 Stevens Oval Apt. 550 Lake Michelle, FL 33884",ET-SN,+745 2846584450,Female,yes,employed_parttime,0_5000,two_wheeler,1296123592,not_disabled,non_immigrant
9214692287,8251299654,943377591726908070164405402073451487,Abdulai Bayraytay,21-10-1932,abdulai@myland.com,"356 Justin Throughway South Rogerville, MO 77810",ET-HA,+745 8256293982,Male,yes,employed_parttime,5001_10000,three_wheeler,3631653422,not_disabled,non_immigrant
4619311227,4753986195,072614655531282106147323513432658158,Memunatu Pratt,26-03-2004,memunatu@myland.com,"455 Jones Valley Apt. 699 West Christopher, HI 32209",ET-AM,+745 9422873425,Female,no,unemployed,0_5000,two_wheeler,9765369549,not_disabled,non_immigrant
7034192923,2942854115,853204480039193243703952902253251534,Abdul Tejan-Cole,02-06-1944,abdul@myland.com,"191 Peterson Lane Suite 852 East Jeremy, AS 67042",ET-DD,+745 1704941395,Female,yes,employed_fulltime,0_5000,bicycle,5257767559,not_disabled,non_immigrant
6103341360,5239731942,717072040028003305077245142830013627,Umu Hawa Tejan-Jalloh,10-06-1984,umu@myland.com,"010 Lindsey Lodge Apt. 134 Collinsborough, WI 61076",ET-SN,+745 2544447983,Male,yes,unemployed,5001_10000,four_wheeler,9563551139,not_disabled,non_immigrant
6544819701,6644919189,558401038742722321484794084221358443,Alhaji Jalloh,14-08-1930,alhaji@myland.com,"PSC 6819, Box 5700 APO AE 05279",ET-HA,+745 5081887405,Male,yes,self_employed,0_5000,two_wheeler,1111441868,not_disabled,non_immigrant
9617962848,7546523624,886645800499873497203941929162942224,Jeneba Kandeh,08-09-1967,jeneba@myland.com,"06618 Miller Path West Emilyhaven, OK 58554",ET-DD,+745 6928440735,Male,yes,employed_parttime,5001_10000,four_wheeler,7839571351,not_disabled,non_immigrant
2531067281,8665931443,531613663293147303409810724862562263,Victor Bockarie Foh,19-10-1989,victor@myland.com,"PSC 7122, Box 8726 APO AE 42686",ET-HA,+745 4290048256,Male,no,self_employed,0_5000,bicycle,1814951631,not_disabled,non_immigrant
1987198570,7647223239,701564482666592894270391291815381810,Ahmed Wurie,06-02-1965,ahmed@myland.com,"62739 Gomez Burgs Hernandezville, IN 60246",ET-SW,+745 4690765358,Male,yes,employed_parttime,0_5000,bicycle,3713863748,not_disabled,non_immigrant
4076206287,5168711333,023552018323099785623370648132356584,Mohamed Kamarainba Mansaray,09-12-1985,mohamed@myland.com,"5687 Davila Wall Suite 831 Petersentown, WA 49439",ET-OR,+745 6229386435,Female,yes,unemployed,0_5000,bicycle,3153783527,not_disabled,non_immigrant
6409043165,3981587851,028487003786471692144990567565461771,Minkailu Mansaray,07-03-1930,minkailu@myland.com,"02346 Francis Mall Apt. 585 West Emily, WA 18747",ET-SI,+745 5186762130,Male,no,employed_parttime,0_5000,two_wheeler,9468166659,not_disabled,non_immigrant
7918047968,6356671465,972946150962446256276327770363562468,Alie Kabba,28-02-1996,alie@myland.com,"2698 Cooper Parkways Suite 690 Youngton, AR 66150",ET-AF,+745 9109430940,Female,yes,employed_parttime,5001_10000,two_wheeler,5324624577,not_disabled,non_immigrant
7663794190,5949858392,642724325389697405156158094385577256,Bernadette Lahai,25-03-1948,bernadette@myland.com,"3076 Mason Drives Christianville, AL 49153",ET-BE,+745 8018720726,Female,no,others,0_5000,bicycle,9483292134,not_disabled,non_immigrant
1113241596,2199143382,900865174494722761746283313462625792,Ahmed Charai,21-04-1957,ahmed@myland.com,"1296 Huerta Plains Apt. 024 West Jessica, TN 90846",ET-SI,+745 5021520062,Male,no,employed_fulltime,0_5000,two_wheeler,4572375648,not_disabled,non_immigrant
5341268020,8868155845,139728303472178159783642138561203744,Mounir Majidi,25-06-1975,mounir@myland.com,"0194 Ronnie Unions East Monica, AZ 50677",ET-DD,+745 7680560727,Male,no,employed_parttime,0_5000,two_wheeler,1662533689,not_disabled,non_immigrant
9841760373,7499534472,246996348032094054571037126725999966,Abdelouafi Laftit,23-06-1980,abdelouafi@myland.com,"56283 Hernandez Overpass Apt. 465 Toniton, MH 73295",ET-SW,+745 7014899646,Female,yes,employed_parttime,0_5000,bicycle,1279455365,not_disabled,non_immigrant
2247174122,8153789654,019343106689936434286644798673027340,Abdellatif Loudiyi,01-06-1973,abdellatif@myland.com,"85482 Stefanie Land Apt. 816 Wesleyberg, PA 78036",ET-HA,+745 2930535685,Male,no,employed_parttime,5001_10000,two_wheeler,6552924289,not_disabled,immigrant
2527463638,1766922594,112728586588474931236352858594877338,Ahmed Aboutaleb,11-02-1948,ahmed@myland.com,"63676 Dunn Park Sharonport, UT 98069",ET-AA,+745 1865691575,Female,yes,employed_fulltime,0_5000,bicycle,3499839476,not_disabled,non_immigrant
3171445273,6544112657,349339130740533674325916972138949470,Mohamed Hassad,30-05-1997,mohamed@myland.com,"2671 Christine Throughway Suite 026 West Kenneth, KS 25374",ET-SN,+745 2137013053,Male,yes,self_employed,0_5000,two_wheeler,8493886762,not_disabled,non_immigrant
4498271256,1728891711,375649031057288368570074011860479118,Aziz Akhannouch,27-05-1934,aziz@myland.com,"2404 Ethan Village Apt. 291 Masseyview, NH 03795",ET-OR,+745 2963252290,Female,yes,unemployed,0_5000,two_wheeler,6412268813,not_disabled,non_immigrant
4700707791,2941514498,846453207079527833825783252901755826,Saad Eddine El Othmani,06-09-1951,saad@myland.com,"64319 Anderson Hollow Josephburgh, DE 51409",ET-AF,+745 9389808833,Male,no,self_employed,0_5000,two_wheeler,7747938274,not_disabled,non_immigrant
4724420829,5314125762,283562314549859402549142656634497656,Nezha Skalli,23-11-2004,nezha@myland.com,"57471 Gary Lights North Jonathanland, TX 05939",ET-TI,+745 7573613884,Male,no,self_employed,0_5000,bicycle,2718117931,not_disabled,non_immigrant
3887047734,5269591495,401319557523531528643106472243104067,Khadija Rouissi,20-07-1987,khadija@myland.com,"365 Travis Cape Apt. 411 Charlesshire, PA 41396",ET-OR,+745 3368478346,Male,no,employed_parttime,0_5000,bicycle,7732852822,disabled,non_immigrant